{"cameraMode":{"drawMode":0,"name":"Shaded","section":"Shading Mode"},"sceneLighting":true,"audioPlay":false,"sceneViewState":{"m_AlwaysRefresh":false,"showFog":true,"showSkybox":true,"showFlares":true,"showImageEffects":true,"showParticleSystems":true,"showVisualEffectGraphs":true,"m_FxEnabled":false},"in2DMode":false,"pivot":{"x":14.141256332397461,"y":5.437680721282959,"z":-16.101804733276368},"rotation":{"x":-0.07849133759737015,"y":0.17463219165802003,"z":-0.013971861451864243,"w":-0.9814097881317139},"size":5.720477104187012,"orthographic":false}