{"cameraMode":{"drawMode":0,"name":"Shaded","section":"Shading Mode"},"sceneLighting":true,"audioPlay":false,"sceneViewState":{"m_AlwaysRefresh":false,"showFog":true,"showSkybox":true,"showFlares":true,"showImageEffects":true,"showParticleSystems":true,"showVisualEffectGraphs":true,"m_FxEnabled":false},"in2DMode":false,"pivot":{"x":0.024427765980362893,"y":0.736473560333252,"z":0.4672090709209442},"rotation":{"x":-0.05553487315773964,"y":0.7923092842102051,"z":-0.07294677197933197,"w":-0.6031917929649353},"size":0.5948447585105896,"orthographic":false}