{"cameraMode":{"drawMode":0,"name":"Shaded","section":"Shading Mode"},"sceneLighting":true,"audioPlay":false,"sceneViewState":{"m_AlwaysRefresh":false,"showFog":true,"showSkybox":true,"showFlares":true,"showImageEffects":true,"showParticleSystems":true,"showVisualEffectGraphs":true,"m_FxEnabled":false},"in2DMode":false,"pivot":{"x":-7.337188243865967,"y":-0.617702305316925,"z":-0.7968486547470093},"rotation":{"x":-0.004778964910656214,"y":0.9553900957107544,"z":-0.29490694403648379,"w":-0.015482225455343724},"size":12.649998664855957,"orthographic":false}