{"cameraMode":{"drawMode":0,"name":"Shaded","section":"Shading Mode"},"sceneLighting":true,"audioPlay":false,"sceneViewState":{"m_AlwaysRefresh":false,"showFog":true,"showSkybox":true,"showFlares":true,"showImageEffects":true,"showParticleSystems":true,"showVisualEffectGraphs":true,"m_FxEnabled":false},"in2DMode":false,"pivot":{"x":-7.60334587097168,"y":7.278780937194824,"z":-1.0081329345703126},"rotation":{"x":0.058172110468149188,"y":0.9418273568153381,"z":-0.23287631571292878,"w":0.23527374863624574},"size":10.546566009521485,"orthographic":false}